[
  {
    "id": 1,
    "name": "منتج 1",
    "price": 100.0,
    "description": "وصف المنتج 1",
    "image": null
  },
  {
    "id": 2,
    "name": "منتج 2",
    "price": 200.0,
    "description": "وصف المنتج 2",
    "image": null
  },
  {
    "id": 3,
    "name": "منتج 3",
    "price": 300.0,
    "description": "وصف المنتج 3",
    "image": null
  },
  {
    "id": 4,
    "name": "ةىلان",
    "price": 2135.0,
    "description": "زنتنمال",
    "image": null
  }
]